<?xml version="1.0" encoding="UTF-8"?>
<account>
  <account-holder-id type="integer">1823213</account-holder-id>
  <created-on type="date">2007-08-27</created-on>
  <id type="integer">302684</id>
  <name>Hawe$ome $oftware</name>
  <plan>free</plan>
  <prefered-domain>projectpath.com</prefered-domain>
  <ssl-enabled type="boolean">true</ssl-enabled>
  <updated-at type="datetime">2009-02-03T22:45:30Z</updated-at>
  <default-attachment-categories>
    <category>Documents</category>
    <category>Pictures</category>
    <category>Sounds</category>
  </default-attachment-categories>
  <default-post-categories>
    <category>Design</category>
    <category>Code</category>
    <category>Copywriting</category>
    <category>Transcripts</category>
    <category>Assets</category>
    <category>Miscellaneous</category>
  </default-post-categories>
  <firm>
    <address-one></address-one>
    <address-two></address-two>
    <city></city>
    <country>United States</country>
    <id type="integer">711588</id>
    <name>Hawesome Software</name>
    <phone-number-fax></phone-number-fax>
    <phone-number-office></phone-number-office>
    <state></state>
    <time-zone-id>Central Time (US &amp; Canada)</time-zone-id>
    <url-name>hawesomesoft</url-name>
    <uuid>5677d150-54a5-3b3a-8ba0-06fe958c9b26</uuid>
    <web-address></web-address>
    <zip></zip>
    <people type="array">
      <person>
        <administrator type="boolean">false</administrator>
        <client-id type="integer">0</client-id>
        <deleted type="boolean">false</deleted>
        <email-address>andrew.c.erickson@gmail.com</email-address>
        <first-name>Andrew</first-name>
        <has-access-to-new-projects type="boolean">false</has-access-to-new-projects>
        <id type="integer">1766161</id>
        <identity-url nil="true"></identity-url>
        <im-handle></im-handle>
        <im-service>AOL</im-service>
        <last-name>Erickson</last-name>
        <phone-number-fax></phone-number-fax>
        <phone-number-home></phone-number-home>
        <phone-number-mobile></phone-number-mobile>
        <phone-number-office></phone-number-office>
        <phone-number-office-ext></phone-number-office-ext>
        <title></title>
        <user-name>aerickson</user-name>
        <uuid>2c1412da-21e0-33fd-a9b5-142f714ca610</uuid>
      </person>
      <person>
        <administrator type="boolean">true</administrator>
        <client-id type="integer">0</client-id>
        <deleted type="boolean">false</deleted>
        <email-address>staticnullvoid@gmail.com</email-address>
        <first-name>Eric</first-name>
        <has-access-to-new-projects type="boolean">true</has-access-to-new-projects>
        <id type="integer">1766079</id>
        <identity-url>http://staticnullvoid.livejournal.com/</identity-url>
        <im-handle>staticnullvoid</im-handle>
        <im-service>Google</im-service>
        <last-name>Kinsella</last-name>
        <phone-number-fax></phone-number-fax>
        <phone-number-home></phone-number-home>
        <phone-number-mobile></phone-number-mobile>
        <phone-number-office></phone-number-office>
        <phone-number-office-ext></phone-number-office-ext>
        <title>Sr Code Monkey</title>
        <user-name>staticnullvoid.livejournal.com</user-name>
        <uuid>2c1412da-21e0-33fd-a9b5-142f714ca610</uuid>
      </person>
      <person>
        <administrator type="boolean">true</administrator>
        <client-id type="integer">0</client-id>
        <deleted type="boolean">false</deleted>
        <email-address>staticnullvoid@gmail.com</email-address>
        <first-name>Eric</first-name>
        <has-access-to-new-projects type="boolean">true</has-access-to-new-projects>
        <id type="integer">1823213</id>
        <identity-url nil="true"></identity-url>
        <im-handle>staticnullvoid</im-handle>
        <im-service>Google</im-service>
        <last-name>Kinsella</last-name>
        <phone-number-fax></phone-number-fax>
        <phone-number-home></phone-number-home>
        <phone-number-mobile></phone-number-mobile>
        <phone-number-office></phone-number-office>
        <phone-number-office-ext></phone-number-office-ext>
        <title></title>
        <user-name>erickinsella</user-name>
        <uuid>2c1412da-21e0-33fd-a9b5-142f714ca610</uuid>
      </person>
      <person>
        <administrator type="boolean">false</administrator>
        <client-id type="integer">0</client-id>
        <deleted type="boolean">false</deleted>
        <email-address>jasonbucki@gmail.com</email-address>
        <first-name>Jason</first-name>
        <has-access-to-new-projects type="boolean">false</has-access-to-new-projects>
        <id type="integer">1766150</id>
        <identity-url>http://id.bloglines.com/jasonbucki</identity-url>
        <im-handle></im-handle>
        <im-service>AOL</im-service>
        <last-name>Bucki</last-name>
        <phone-number-fax></phone-number-fax>
        <phone-number-home></phone-number-home>
        <phone-number-mobile></phone-number-mobile>
        <phone-number-office></phone-number-office>
        <phone-number-office-ext></phone-number-office-ext>
        <title></title>
        <user-name>id.bloglines.com/jasonbucki</user-name>
        <uuid>2c1412da-21e0-33fd-a9b5-142f714ca610</uuid>
      </person>
      <person>
        <administrator type="boolean">false</administrator>
        <client-id type="integer">0</client-id>
        <deleted type="boolean">false</deleted>
        <email-address>william.a.watson@gmail.com</email-address>
        <first-name>Will</first-name>
        <has-access-to-new-projects type="boolean">false</has-access-to-new-projects>
        <id type="integer">1766154</id>
        <identity-url nil="true"></identity-url>
        <im-handle></im-handle>
        <im-service>AOL</im-service>
        <last-name>Watson</last-name>
        <phone-number-fax></phone-number-fax>
        <phone-number-home></phone-number-home>
        <phone-number-mobile></phone-number-mobile>
        <phone-number-office></phone-number-office>
        <phone-number-office-ext></phone-number-office-ext>
        <title></title>
        <user-name>wwatson</user-name>
        <uuid>2c1412da-21e0-33fd-a9b5-142f714ca610</uuid>
      </person>
    </people>
  </firm>
  <clients type="array">
    <client>
      <address-one nil="true"></address-one>
      <address-two nil="true"></address-two>
      <can-see-private type="boolean">false</can-see-private>
      <city nil="true"></city>
      <client-of type="integer">711588</client-of>
      <country nil="true"></country>
      <id type="integer">711618</id>
      <name>dabootski.com</name>
      <phone-number-fax nil="true"></phone-number-fax>
      <phone-number-office nil="true"></phone-number-office>
      <state nil="true"></state>
      <time-zone-id>Central Time (US &amp; Canada)</time-zone-id>
      <uuid>20c2a617-2822-3d80-ba33-25ff194b9823</uuid>
      <web-address nil="true"></web-address>
      <zip nil="true"></zip>
      <people type="array"/>
    </client>
    <client>
      <address-one nil="true"></address-one>
      <address-two nil="true"></address-two>
      <can-see-private type="boolean">false</can-see-private>
      <city nil="true"></city>
      <client-of type="integer">711588</client-of>
      <country nil="true"></country>
      <id type="integer">748476</id>
      <name>evilapps.org</name>
      <phone-number-fax nil="true"></phone-number-fax>
      <phone-number-office nil="true"></phone-number-office>
      <state nil="true"></state>
      <time-zone-id>Central Time (US &amp; Canada)</time-zone-id>
      <uuid>20c2a617-2822-3d80-ba33-25ff194b9823</uuid>
      <web-address nil="true"></web-address>
      <zip nil="true"></zip>
      <people type="array"/>
    </client>
    <client>
      <address-one nil="true"></address-one>
      <address-two nil="true"></address-two>
      <can-see-private type="boolean">false</can-see-private>
      <city nil="true"></city>
      <client-of type="integer">711588</client-of>
      <country nil="true"></country>
      <id type="integer">711619</id>
      <name>silentsapper.com</name>
      <phone-number-fax nil="true"></phone-number-fax>
      <phone-number-office nil="true"></phone-number-office>
      <state nil="true"></state>
      <time-zone-id>Central Time (US &amp; Canada)</time-zone-id>
      <uuid>20c2a617-2822-3d80-ba33-25ff194b9823</uuid>
      <web-address nil="true"></web-address>
      <zip nil="true"></zip>
      <people type="array"/>
    </client>
    <client>
      <address-one nil="true"></address-one>
      <address-two nil="true"></address-two>
      <can-see-private type="boolean">false</can-see-private>
      <city nil="true"></city>
      <client-of type="integer">711588</client-of>
      <country nil="true"></country>
      <id type="integer">754118</id>
      <name>witlessworm.com</name>
      <phone-number-fax nil="true"></phone-number-fax>
      <phone-number-office nil="true"></phone-number-office>
      <state nil="true"></state>
      <time-zone-id>Central Time (US &amp; Canada)</time-zone-id>
      <uuid>20c2a617-2822-3d80-ba33-25ff194b9823</uuid>
      <web-address nil="true"></web-address>
      <zip nil="true"></zip>
      <people type="array"/>
    </client>
  </clients>
  <projects type="array">
    <project>
      <created-on type="date">2007-08-27</created-on>
      <id type="integer">1328761</id>
      <last-changed-on type="datetime">2009-02-03T22:41:03Z</last-changed-on>
      <name>Facebook Fridays</name>
      <status>active</status>
      <time-entries type="array"/>
      <posts type="array">
        <post>
          <attachments-count type="integer">0</attachments-count>
          <author-id type="integer">1766079</author-id>
          <body>http://search.twitter.com/search?q=lunch+randomizer

lunch randomizing websites to pilfer from:

http://www.buffalolunchrandomizer.com
http://www.meetways.com

Google Maps API
http://code.google.com/apis/maps

There has also been some talk of a Flash Game recommendation tool... Will?

--- twitter transcript ---

witlessworm: @dabootski it might be time to get the band back together... @williamwatson @andrewerickson

dabootski: @witlessworm wow that is actually pretty cool. me thinks this friday could be the start of the pizza/grails/lunch-randomizer meeting?

witlessworm: until we create the lunch randomizer; this will have to do... http://www.meetways.com

shadyproject: del.icio.us Buffalo Lunch Randomizer (BETA) http://tinyurl.com/5ntbwk (expand)
</body>
          <category-id type="integer">13038742</category-id>
          <comments-count type="integer">1</comments-count>
          <extended-body></extended-body>
          <id type="integer">16996812</id>
          <milestone-id type="integer">0</milestone-id>
          <posted-on type="datetime">2008-10-14T18:40:22Z</posted-on>
          <project-id type="integer">1328761</project-id>
          <title>As heard on Twitter... New friday coding session?</title>
          <use-textile type="boolean">true</use-textile>
          <comments type="array">
            <comment>
              <attachments-count type="integer">0</attachments-count>
              <author-id type="integer">1766079</author-id>
              <body>i vote yes.</body>
              <commentable-id type="integer">16996812</commentable-id>
              <commentable-type>Post</commentable-type>
              <created-at type="datetime">2008-10-14T18:40:37Z</created-at>
              <emailed-from nil="true"></emailed-from>
              <id type="integer">24043924</id>
            </comment>
          </comments>
        </post>
        <post>
          <attachments-count type="integer">0</attachments-count>
          <author-id type="integer">1766079</author-id>
          <body>http://svn.dabootski.com/flickrstatus_2_0/

username: ekinsella
password: javadev</body>
          <category-id type="integer">13038743</category-id>
          <comments-count type="integer">0</comments-count>
          <extended-body></extended-body>
          <id type="integer">11348863</id>
          <milestone-id type="integer">0</milestone-id>
          <posted-on type="datetime">2008-02-11T20:46:29Z</posted-on>
          <project-id type="integer">1328761</project-id>
          <title>Subversion Access</title>
          <use-textile type="boolean">true</use-textile>
          <comments type="array"/>
        </post>
        <post>
          <attachments-count type="integer">0</attachments-count>
          <author-id type="integer">1766079</author-id>
          <body>Facebook Creates A Market For Developers And Those That Need Them
http://mashable.com/2008/01/31/facebook-developer-marketplace</body>
          <category-id type="integer">13038743</category-id>
          <comments-count type="integer">0</comments-count>
          <extended-body></extended-body>
          <id type="integer">11158946</id>
          <milestone-id type="integer">0</milestone-id>
          <posted-on type="datetime">2008-02-01T15:36:59Z</posted-on>
          <project-id type="integer">1328761</project-id>
          <title>Facebook adds marketplace for developers...</title>
          <use-textile type="boolean">true</use-textile>
          <comments type="array"/>
        </post>
        <post>
          <attachments-count type="integer">0</attachments-count>
          <author-id type="integer">1766079</author-id>
          <body>Changed from http://witlessworm.projectpath.com to http://hawesomesoft.projectpath.com

Everything else is still the same. i.e. user/passwords</body>
          <category-id type="integer">13038743</category-id>
          <comments-count type="integer">0</comments-count>
          <extended-body></extended-body>
          <id type="integer">9732761</id>
          <milestone-id type="integer">0</milestone-id>
          <posted-on type="datetime">2007-11-09T20:24:48Z</posted-on>
          <project-id type="integer">1328761</project-id>
          <title>Basecamp URL has changed: http://hawesomesoft.projectpath.com</title>
          <use-textile type="boolean">true</use-textile>
          <comments type="array"/>
        </post>
        <post>
          <attachments-count type="integer">0</attachments-count>
          <author-id type="integer">1766079</author-id>
          <body>http://www.geekculture.com/joyoftech/joyarchives/1015.html</body>
          <category-id type="integer">14107739</category-id>
          <comments-count type="integer">0</comments-count>
          <extended-body></extended-body>
          <id type="integer">9732680</id>
          <milestone-id type="integer">0</milestone-id>
          <posted-on type="datetime">2007-11-09T20:21:52Z</posted-on>
          <project-id type="integer">1328761</project-id>
          <title>Joy of tech: facebook zuckerbucks</title>
          <use-textile type="boolean">true</use-textile>
          <comments type="array"/>
        </post>
        <post>
          <attachments-count type="integer">0</attachments-count>
          <author-id type="integer">1766079</author-id>
          <body>http://wiki.developers.facebook.com/index.php/Data_Store_API_documentation

Sparse search coverage:
http://www.google.com/search?q=data.setUserPreference

Facebook/JavaScript:
http://wiki.developers.facebook.com/index.php/FBJS</body>
          <category-id type="integer">13038743</category-id>
          <comments-count type="integer">0</comments-count>
          <extended-body></extended-body>
          <id type="integer">9644140</id>
          <milestone-id type="integer">0</milestone-id>
          <posted-on type="datetime">2007-11-06T04:54:44Z</posted-on>
          <project-id type="integer">1328761</project-id>
          <title>Facebook: Data Store API</title>
          <use-textile type="boolean">true</use-textile>
          <comments type="array"/>
        </post>
        <post>
          <attachments-count type="integer">0</attachments-count>
          <author-id type="integer">1766079</author-id>
          <body>http://www.artima.com/weblogs/viewpost.jsp?thread=216117

CrossLoop
http://www.crossloop.com

</body>
          <category-id type="integer">13038743</category-id>
          <comments-count type="integer">0</comments-count>
          <extended-body></extended-body>
          <id type="integer">9611845</id>
          <milestone-id type="integer">0</milestone-id>
          <posted-on type="datetime">2007-11-04T03:24:33Z</posted-on>
          <project-id type="integer">1328761</project-id>
          <title>Bruce Eckel: Pair Programming over the web</title>
          <use-textile type="boolean">true</use-textile>
          <comments type="array"/>
        </post>
        <post>
          <attachments-count type="integer">0</attachments-count>
          <author-id type="integer">1766079</author-id>
          <body>Facebook App: Picnik
http://www.facebook.com/apps/application.php?id=2258014869&amp;b</body>
          <category-id type="integer">14107739</category-id>
          <comments-count type="integer">0</comments-count>
          <extended-body></extended-body>
          <id type="integer">9600817</id>
          <milestone-id type="integer">0</milestone-id>
          <posted-on type="datetime">2007-11-02T20:11:26Z</posted-on>
          <project-id type="integer">1328761</project-id>
          <title>Facebook App: Picnik</title>
          <use-textile type="boolean">true</use-textile>
          <comments type="array"/>
        </post>
        <post>
          <attachments-count type="integer">0</attachments-count>
          <author-id type="integer">1766079</author-id>
          <body>http://www.techcrunch.com/2007/10/30/details-revealed-google-opensocial-to-be-common-apis-for-building-social-apps/</body>
          <category-id type="integer">14107739</category-id>
          <comments-count type="integer">1</comments-count>
          <extended-body></extended-body>
          <id type="integer">9600793</id>
          <milestone-id type="integer">0</milestone-id>
          <posted-on type="datetime">2007-11-02T20:09:57Z</posted-on>
          <project-id type="integer">1328761</project-id>
          <title>Google OpenSocial Framework (MySpace, Vox, LiveJournal, Bebo)</title>
          <use-textile type="boolean">true</use-textile>
          <comments type="array">
            <comment>
              <attachments-count type="integer">0</attachments-count>
              <author-id type="integer">1766079</author-id>
              <body>The Google OpenSocial url...

http://code.google.com/apis/opensocial</body>
              <commentable-id type="integer">9600793</commentable-id>
              <commentable-type>Post</commentable-type>
              <created-at type="datetime">2007-11-02T20:12:30Z</created-at>
              <emailed-from nil="true"></emailed-from>
              <id type="integer">11536709</id>
            </comment>
          </comments>
        </post>
        <post>
          <attachments-count type="integer">0</attachments-count>
          <author-id type="integer">1766079</author-id>
          <body>http://railspikes.com/2007/11/2/announcing-facebook-on-rails</body>
          <category-id type="integer">14107739</category-id>
          <comments-count type="integer">0</comments-count>
          <extended-body></extended-body>
          <id type="integer">9600707</id>
          <milestone-id type="integer">0</milestone-id>
          <posted-on type="datetime">2007-11-02T20:05:32Z</posted-on>
          <project-id type="integer">1328761</project-id>
          <title>Bringing the Rails Magic to Facebook</title>
          <use-textile type="boolean">true</use-textile>
          <comments type="array"/>
        </post>
        <post>
          <attachments-count type="integer">0</attachments-count>
          <author-id type="integer">1766079</author-id>
          <body>http://www.readwriteweb.com/archives/google_news_facebook.php</body>
          <category-id type="integer">14107739</category-id>
          <comments-count type="integer">0</comments-count>
          <extended-body></extended-body>
          <id type="integer">9344910</id>
          <milestone-id type="integer">0</milestone-id>
          <posted-on type="datetime">2007-10-20T07:16:09Z</posted-on>
          <project-id type="integer">1328761</project-id>
          <title>Google News Now Available in Facebook</title>
          <use-textile type="boolean">true</use-textile>
          <comments type="array"/>
        </post>
        <post>
          <attachments-count type="integer">0</attachments-count>
          <author-id type="integer">1766079</author-id>
          <body>u: hawesomesoft@witlessworm.com
p: javadev</body>
          <category-id type="integer">13038743</category-id>
          <comments-count type="integer">0</comments-count>
          <extended-body></extended-body>
          <id type="integer">9333971</id>
          <milestone-id type="integer">0</milestone-id>
          <posted-on type="datetime">2007-10-19T17:14:52Z</posted-on>
          <project-id type="integer">1328761</project-id>
          <title>facebook acount</title>
          <use-textile type="boolean">true</use-textile>
          <comments type="array"/>
        </post>
        <post>
          <attachments-count type="integer">0</attachments-count>
          <author-id type="integer">1766079</author-id>
          <body>http://www.svn.dabootski.com/flickrstatus

Username: ekinsella
Password: javadev
</body>
          <category-id type="integer">13038743</category-id>
          <comments-count type="integer">0</comments-count>
          <extended-body></extended-body>
          <id type="integer">9333175</id>
          <milestone-id type="integer">0</milestone-id>
          <posted-on type="datetime">2007-10-19T16:40:41Z</posted-on>
          <project-id type="integer">1328761</project-id>
          <title>subversion repository</title>
          <use-textile type="boolean">true</use-textile>
          <comments type="array"/>
        </post>
        <post>
          <attachments-count type="integer">0</attachments-count>
          <author-id type="integer">1766079</author-id>
          <body>http://www.techcrunch.com/2007/09/11/blogtv-integrates-streaming-video-into-facebook

http://www.crunchbase.com/company/blogtv</body>
          <category-id type="integer">14107739</category-id>
          <comments-count type="integer">0</comments-count>
          <extended-body></extended-body>
          <id type="integer">9084072</id>
          <milestone-id type="integer">0</milestone-id>
          <posted-on type="datetime">2007-10-06T12:10:04Z</posted-on>
          <project-id type="integer">1328761</project-id>
          <title>BlogTV Integrates Streaming Video into Facebook</title>
          <use-textile type="boolean">true</use-textile>
          <comments type="array"/>
        </post>
        <post>
          <attachments-count type="integer">0</attachments-count>
          <author-id type="integer">1766079</author-id>
          <body>http://www.techcrunch.com/2007/09/13/lending-club-breaks-1-million-expanding

http://www.lendingclub.com/home.action</body>
          <category-id type="integer">14107739</category-id>
          <comments-count type="integer">0</comments-count>
          <extended-body></extended-body>
          <id type="integer">9084007</id>
          <milestone-id type="integer">0</milestone-id>
          <posted-on type="datetime">2007-10-06T11:44:09Z</posted-on>
          <project-id type="integer">1328761</project-id>
          <title>Facebook: Lending Club Breaks $1 Million, Expanding</title>
          <use-textile type="boolean">true</use-textile>
          <comments type="array"/>
        </post>
        <post>
          <attachments-count type="integer">0</attachments-count>
          <author-id type="integer">1766079</author-id>
          <body>http://www.techcrunch.com/2007/09/17/facebook-launches-fbfund-with-accel-and-founders-fund-to-invest-in-new-facebook-apps/</body>
          <category-id type="integer">14107739</category-id>
          <comments-count type="integer">0</comments-count>
          <extended-body></extended-body>
          <id type="integer">9084000</id>
          <milestone-id type="integer">0</milestone-id>
          <posted-on type="datetime">2007-10-06T11:38:45Z</posted-on>
          <project-id type="integer">1328761</project-id>
          <title>Facebook Launches fbFund with Accel and Founders Fund to Invest in New Facebook Apps</title>
          <use-textile type="boolean">true</use-textile>
          <comments type="array"/>
        </post>
        <post>
          <attachments-count type="integer">0</attachments-count>
          <author-id type="integer">1766079</author-id>
          <body>http://www.techcrunch.com/2007/09/21/possibly-the-coolest-facebook-application-to-date

http://apps.facebook.com/bobdylan</body>
          <category-id type="integer">14107739</category-id>
          <comments-count type="integer">0</comments-count>
          <extended-body></extended-body>
          <id type="integer">9083944</id>
          <milestone-id type="integer">0</milestone-id>
          <posted-on type="datetime">2007-10-06T11:08:31Z</posted-on>
          <project-id type="integer">1328761</project-id>
          <title>Possibly The Coolest Facebook Application To Date</title>
          <use-textile type="boolean">true</use-textile>
          <comments type="array"/>
        </post>
        <post>
          <attachments-count type="integer">0</attachments-count>
          <author-id type="integer">1766079</author-id>
          <body>http://www.techcrunch.com/2007/09/23/acebucks-gets-15-million-for-virtual-currency</body>
          <category-id type="integer">14107739</category-id>
          <comments-count type="integer">0</comments-count>
          <extended-body></extended-body>
          <id type="integer">9083939</id>
          <milestone-id type="integer">0</milestone-id>
          <posted-on type="datetime">2007-10-06T11:04:34Z</posted-on>
          <project-id type="integer">1328761</project-id>
          <title>Acebucks Gets $1.5 Million For Virtual Facebook Currency</title>
          <use-textile type="boolean">true</use-textile>
          <comments type="array"/>
        </post>
        <post>
          <attachments-count type="integer">0</attachments-count>
          <author-id type="integer">1766079</author-id>
          <body>http://www.techcrunch.com/2007/10/03/seven-steps-to-graphing-your-facebook-strategy/

some talk of the platform, but mainly how to have a better/more interesting profile.</body>
          <category-id type="integer">14107739</category-id>
          <comments-count type="integer">0</comments-count>
          <extended-body></extended-body>
          <id type="integer">9083931</id>
          <milestone-id type="integer">0</milestone-id>
          <posted-on type="datetime">2007-10-06T10:59:25Z</posted-on>
          <project-id type="integer">1328761</project-id>
          <title>Seven Steps to Graphing Your Facebook Strategy</title>
          <use-textile type="boolean">true</use-textile>
          <comments type="array"/>
        </post>
        <post>
          <attachments-count type="integer">0</attachments-count>
          <author-id type="integer">1766079</author-id>
          <body>The Impact of Facebook's Platform
http://www.readwriteweb.com/archives/the_impact_of_facebooks_platform.php</body>
          <category-id type="integer">14107739</category-id>
          <comments-count type="integer">0</comments-count>
          <extended-body></extended-body>
          <id type="integer">9083921</id>
          <milestone-id type="integer">0</milestone-id>
          <posted-on type="datetime">2007-10-06T10:53:53Z</posted-on>
          <project-id type="integer">1328761</project-id>
          <title>The Impact of Facebook's Platform</title>
          <use-textile type="boolean">true</use-textile>
          <comments type="array"/>
        </post>
        <post>
          <attachments-count type="integer">0</attachments-count>
          <author-id type="integer">1766079</author-id>
          <body>http://www.readwriteweb.com/archives/travbuddy_hits_1_million_users.php</body>
          <category-id type="integer">14107739</category-id>
          <comments-count type="integer">0</comments-count>
          <extended-body></extended-body>
          <id type="integer">9083916</id>
          <milestone-id type="integer">0</milestone-id>
          <posted-on type="datetime">2007-10-06T10:50:53Z</posted-on>
          <project-id type="integer">1328761</project-id>
          <title>Facebook: Another Success Story: TravBuddy Hits 1 Million Users</title>
          <use-textile type="boolean">true</use-textile>
          <comments type="array"/>
        </post>
        <post>
          <attachments-count type="integer">0</attachments-count>
          <author-id type="integer">1766079</author-id>
          <body>http://www.readwriteweb.com/archives/non-profits_on_facebook_and_myspace.php</body>
          <category-id type="integer">14107739</category-id>
          <comments-count type="integer">0</comments-count>
          <extended-body></extended-body>
          <id type="integer">9083910</id>
          <milestone-id type="integer">0</milestone-id>
          <posted-on type="datetime">2007-10-06T10:48:34Z</posted-on>
          <project-id type="integer">1328761</project-id>
          <title>Non-Profits on Facebook and MySpace</title>
          <use-textile type="boolean">true</use-textile>
          <comments type="array"/>
        </post>
        <post>
          <attachments-count type="integer">0</attachments-count>
          <author-id type="integer">1766079</author-id>
          <body>http://www.readwriteweb.com/archives/new_york_times_launches_facebook_app.php</body>
          <category-id type="integer">14107739</category-id>
          <comments-count type="integer">0</comments-count>
          <extended-body></extended-body>
          <id type="integer">9083907</id>
          <milestone-id type="integer">0</milestone-id>
          <posted-on type="datetime">2007-10-06T10:46:30Z</posted-on>
          <project-id type="integer">1328761</project-id>
          <title>New York Times Launches Facebook App</title>
          <use-textile type="boolean">true</use-textile>
          <comments type="array"/>
        </post>
        <post>
          <attachments-count type="integer">0</attachments-count>
          <author-id type="integer">1766079</author-id>
          <body>Why The Tech Community Is Wrong For Facebook
http://www.readwriteweb.com/archives/facebook_what_if_more_is_less.php</body>
          <category-id type="integer">14107739</category-id>
          <comments-count type="integer">0</comments-count>
          <extended-body></extended-body>
          <id type="integer">9083877</id>
          <milestone-id type="integer">0</milestone-id>
          <posted-on type="datetime">2007-10-06T10:24:58Z</posted-on>
          <project-id type="integer">1328761</project-id>
          <title>Facebook: Why The Tech Community Is Wrong For Facebook</title>
          <use-textile type="boolean">true</use-textile>
          <comments type="array"/>
        </post>
        <post>
          <attachments-count type="integer">0</attachments-count>
          <author-id type="integer">1766079</author-id>
          <body>Step-by-step Guide to Creating an Application http://developers.facebook.com/step_by_step.php
Read: http://developers.facebook.com/step_by_step.php
</body>
          <category-id type="integer">13038743</category-id>
          <comments-count type="integer">0</comments-count>
          <extended-body></extended-body>
          <id type="integer">9083802</id>
          <milestone-id type="integer">0</milestone-id>
          <posted-on type="datetime">2007-10-06T09:38:23Z</posted-on>
          <project-id type="integer">1328761</project-id>
          <title>Facebook: Step-by-step Guide to Creating an Application</title>
          <use-textile type="boolean">true</use-textile>
          <comments type="array"/>
        </post>
        <post>
          <attachments-count type="integer">0</attachments-count>
          <author-id type="integer">1766079</author-id>
          <body>http://apps.facebook.com/developerschallenge

DEVELOPER&#8217;S CHALLENGE by AT&amp;T

DEVELOPER&#8217;S CHALLENGE by AT&amp;T
Put your developer skills to the test, showcase your creativity, and enter for a chance to win $5,000 cash and media coverage on Facebook.

Submit an application you&#8217;ve developed that integrates a Facebook feature with your favorite mobile components. To be eligible, the application must:

    * Incorporate at least one key Facebook feature (i.e. photos, messages, news feed, pokes, etc.)
    * Integrate at least one mobile component (i.e. text, picture, video messaging as well as downloadable content such as ringtones, graphics, games, etc.)
    * Be registered with a unique registration key provided by the Developer&#8217;s Challenge, and follow the development guidelines included below.

Submissions will be judged on functionality, appearance, tone of discussion and feedback on the app&#8217;s homepage. Complete rules can be found in the Help section.

Start date for application submissions: September 21, 2007
Deadline to submit applications: December 14, 2007

The applications will then be judged, the winner will contacted in mid-February and announced on Facebook on February 25, 2008.

Create a Developer&#8217;s Challenge profile and submit your app today. Are you up for the challenge?
Development Guidelines

Following are the basic development guidelines to follow:

    * You are free to use any development language you choose so long as it is supported by Facebook.
    * The application can run as an Iframe, FBML and be either a website or desktop application type.
    * You must be able to add the application to a Facebook account.
    * You may submit more than one application if choose.
    * You must integrate a call to our API that tracks the usage of your application for individual calls. See the Help page for more information.
    * Tracking is automatically stopped at the competitions end. You should ensure that your application will work after the close of the competition.</body>
          <category-id type="integer">13038744</category-id>
          <comments-count type="integer">0</comments-count>
          <extended-body></extended-body>
          <id type="integer">8987557</id>
          <milestone-id type="integer">0</milestone-id>
          <posted-on type="datetime">2007-10-02T02:20:20Z</posted-on>
          <project-id type="integer">1328761</project-id>
          <title>Facebook DEVELOPER&#8217;S CHALLENGE by AT&amp;T</title>
          <use-textile type="boolean">true</use-textile>
          <comments type="array"/>
        </post>
        <post>
          <attachments-count type="integer">0</attachments-count>
          <author-id type="integer">1766079</author-id>
          <body>http://www.famecast.com/contest/getembed.php

ATTENTION ARTISTS &amp; FANATICS
Now here's some motivation to get your work or your favorite artist's work out there and gain more exposure.  How about winning cash for simply getting people to view your embedded videos?</body>
          <category-id type="integer">13038744</category-id>
          <comments-count type="integer">0</comments-count>
          <extended-body></extended-body>
          <id type="integer">8987455</id>
          <milestone-id type="integer">0</milestone-id>
          <posted-on type="datetime">2007-10-02T02:09:30Z</posted-on>
          <project-id type="integer">1328761</project-id>
          <title>Famecast.com on Facebook contest</title>
          <use-textile type="boolean">true</use-textile>
          <comments type="array"/>
        </post>
        <post>
          <attachments-count type="integer">0</attachments-count>
          <author-id type="integer">1766079</author-id>
          <body>http://ajaxian.com/archives/facebook-released-fbjs

"FBJS supplies a very powerful AJAX object for developers. Facebook will proxy all AJAX requests and optionally run useful post-processing on the data returned, such as JSON, or FBML parsing. To use it, just instantiate a new Ajax class."

"There are also rumors of new functionality to come, such as a data storage API."

Facebook to Offer Data Storage?
http://www.readwriteweb.com/archives/facebook_to_offer_data_storage.php</body>
          <category-id type="integer">13038743</category-id>
          <comments-count type="integer">0</comments-count>
          <extended-body></extended-body>
          <id type="integer">8763171</id>
          <milestone-id type="integer">0</milestone-id>
          <posted-on type="datetime">2007-09-19T15:29:10Z</posted-on>
          <project-id type="integer">1328761</project-id>
          <title>Bucki: Facebook released FBJS</title>
          <use-textile type="boolean">true</use-textile>
          <comments type="array"/>
        </post>
        <post>
          <attachments-count type="integer">0</attachments-count>
          <author-id type="integer">1766079</author-id>
          <body>i will commit the most recent version of my code to the repository for you guys to download tonight. you will obviously need subversion installed on the machine that you are going to be developing on. it was pretty easy to install on my mac but i don't have any experience installing it on widows. this e-book has lots of good info on getting up and running with subversion (http://svnbook.red-bean.com/). hopefully i will get to writing the build script tonight also so we can get a fresh build from the repository nightly. not sure how we want to go about dividing the responsibilities for this initial app so for now i guess we should just let eachother know if we are going to be doing some work on any of the files so we don't go and committ a bunch of different versions of the code. lemme know what you think.</body>
          <category-id type="integer">13038743</category-id>
          <comments-count type="integer">0</comments-count>
          <extended-body></extended-body>
          <id type="integer">8667116</id>
          <milestone-id type="integer">0</milestone-id>
          <posted-on type="datetime">2007-09-13T19:56:09Z</posted-on>
          <project-id type="integer">1328761</project-id>
          <title>Bucki: FlickrStatus Status</title>
          <use-textile type="boolean">true</use-textile>
          <comments type="array"/>
        </post>
        <post>
          <attachments-count type="integer">0</attachments-count>
          <author-id type="integer">1766079</author-id>
          <body>http://www.facebook.com/apps/index.php?q=Stalker</body>
          <category-id type="integer">14107739</category-id>
          <comments-count type="integer">1</comments-count>
          <extended-body></extended-body>
          <id type="integer">8477564</id>
          <milestone-id type="integer">0</milestone-id>
          <posted-on type="datetime">2007-09-04T04:31:36Z</posted-on>
          <project-id type="integer">1328761</project-id>
          <title>Facebook: Stalker app search</title>
          <use-textile type="boolean">true</use-textile>
          <comments type="array">
            <comment>
              <attachments-count type="integer">0</attachments-count>
              <author-id type="integer">1766079</author-id>
              <body>http://apps.facebook.com/web-presence</body>
              <commentable-id type="integer">8477564</commentable-id>
              <commentable-type>Post</commentable-type>
              <created-at type="datetime">2007-09-06T03:31:51Z</created-at>
              <emailed-from nil="true"></emailed-from>
              <id type="integer">9963232</id>
            </comment>
          </comments>
        </post>
        <post>
          <attachments-count type="integer">0</attachments-count>
          <author-id type="integer">1766079</author-id>
          <body>SocialMedia Opens Self-Serve Facebook Advertising For All
http://www.techcrunch.com/2007/08/30/socialmedia-opens-self-serve-facebook-advertising-for-all/</body>
          <category-id type="integer">14107739</category-id>
          <comments-count type="integer">0</comments-count>
          <extended-body></extended-body>
          <id type="integer">8453183</id>
          <milestone-id type="integer">0</milestone-id>
          <posted-on type="datetime">2007-08-31T19:32:25Z</posted-on>
          <project-id type="integer">1328761</project-id>
          <title>SocialMedia Opens Self-Serve Facebook Advertising For All</title>
          <use-textile type="boolean">true</use-textile>
          <comments type="array"/>
        </post>
        <post>
          <attachments-count type="integer">0</attachments-count>
          <author-id type="integer">1766079</author-id>
          <body>NewsGator Launches Facebook App: NewsFriends
http://www.readwriteweb.com/archives/newsfriends_newsgator_facebook_app.php</body>
          <category-id type="integer">14107739</category-id>
          <comments-count type="integer">0</comments-count>
          <extended-body></extended-body>
          <id type="integer">8397088</id>
          <milestone-id type="integer">0</milestone-id>
          <posted-on type="datetime">2007-08-29T08:06:22Z</posted-on>
          <project-id type="integer">1328761</project-id>
          <title>NewsGator Launches Facebook App: NewsFriends</title>
          <use-textile type="boolean">true</use-textile>
          <comments type="array"/>
        </post>
        <post>
          <attachments-count type="integer">0</attachments-count>
          <author-id type="integer">1766150</author-id>
          <body>http://appmrkt.com/</body>
          <category-id type="integer">14107739</category-id>
          <comments-count type="integer">0</comments-count>
          <extended-body></extended-body>
          <id type="integer">8383349</id>
          <milestone-id type="integer">0</milestone-id>
          <posted-on type="datetime">2007-08-28T16:56:45Z</posted-on>
          <project-id type="integer">1328761</project-id>
          <title>Appmrkt (aka "How we will make billions and billions")</title>
          <use-textile type="boolean">true</use-textile>
          <comments type="array"/>
        </post>
        <post>
          <attachments-count type="integer">0</attachments-count>
          <author-id type="integer">1766150</author-id>
          <body>http://money.cnn.com/2007/08/22/technology/facebook_economy.biz2/index.htm?postversion=2007082307?</body>
          <category-id type="integer">14107739</category-id>
          <comments-count type="integer">0</comments-count>
          <extended-body></extended-body>
          <id type="integer">8364612</id>
          <milestone-id type="integer">0</milestone-id>
          <posted-on type="datetime">2007-08-27T19:21:08Z</posted-on>
          <project-id type="integer">1328761</project-id>
          <title>CNN article on making $$$ off facebook</title>
          <use-textile type="boolean">true</use-textile>
          <comments type="array"/>
        </post>
        <post>
          <attachments-count type="integer">0</attachments-count>
          <author-id type="integer">1766079</author-id>
          <body>TripAdvisor Acquires Facebook App Where I&#8217;ve Been For $3 Million
http://www.techcrunch.com/2007/08/16/tripadvisor-acquires-facebook-app-where-i%e2%80%99ve-been-for-3-million/</body>
          <category-id type="integer">13038744</category-id>
          <comments-count type="integer">0</comments-count>
          <extended-body></extended-body>
          <id type="integer">8364398</id>
          <milestone-id type="integer">0</milestone-id>
          <posted-on type="datetime">2007-08-27T19:12:29Z</posted-on>
          <project-id type="integer">1328761</project-id>
          <title>TripAdvisor Acquires Facebook App Where I&#8217;ve Been For $3 Million</title>
          <use-textile type="boolean">true</use-textile>
          <comments type="array"/>
        </post>
        <post>
          <attachments-count type="integer">0</attachments-count>
          <author-id type="integer">1766079</author-id>
          <body>Facebook Integrates Book Swap Feature into Marketplace
http://www.techcrunch.com/2007/08/23/facebook-integrates-book-swap-feature-into-marketplace/</body>
          <category-id type="integer">14107739</category-id>
          <comments-count type="integer">0</comments-count>
          <extended-body></extended-body>
          <id type="integer">8363914</id>
          <milestone-id type="integer">0</milestone-id>
          <posted-on type="datetime">2007-08-27T18:54:58Z</posted-on>
          <project-id type="integer">1328761</project-id>
          <title>Facebook Integrates Book Swap Feature into Marketplace</title>
          <use-textile type="boolean">true</use-textile>
          <comments type="array"/>
        </post>
        <post>
          <attachments-count type="integer">0</attachments-count>
          <author-id type="integer">1766079</author-id>
          <body>NoSo - Backlash Against Our &#8220;Always On&#8221; Culture
http://www.techcrunch.com/2007/08/27/noso-backlash-against-our-always-on-culture/</body>
          <category-id type="integer">14107739</category-id>
          <comments-count type="integer">0</comments-count>
          <extended-body></extended-body>
          <id type="integer">8363061</id>
          <milestone-id type="integer">0</milestone-id>
          <posted-on type="datetime">2007-08-27T18:22:30Z</posted-on>
          <project-id type="integer">1328761</project-id>
          <title>NoSo - Backlash Against Our &#8220;Always On&#8221; Culture</title>
          <use-textile type="boolean">true</use-textile>
          <comments type="array"/>
        </post>
        <post>
          <attachments-count type="integer">0</attachments-count>
          <author-id type="integer">1766079</author-id>
          <body>http://www.techcrunch.com/2007/08/26/dapper-to-launch-instant-facebook-appmaker</body>
          <category-id type="integer">14107739</category-id>
          <comments-count type="integer">0</comments-count>
          <extended-body></extended-body>
          <id type="integer">8363039</id>
          <milestone-id type="integer">0</milestone-id>
          <posted-on type="datetime">2007-08-27T18:21:26Z</posted-on>
          <project-id type="integer">1328761</project-id>
          <title>Dapper to Launch Instant Facebook AppMaker</title>
          <use-textile type="boolean">true</use-textile>
          <comments type="array"/>
        </post>
        <post>
          <attachments-count type="integer">0</attachments-count>
          <author-id type="integer">1766079</author-id>
          <body>Then retire...

How will we get there?

This group will probably replace the Book Club on Thursday afternoon lunches. Bring your laptops and start coding for fun and profit. I'll buy the cheeta pizza the first week...somebody bring the Jolt. :)</body>
          <category-id type="integer">13038744</category-id>
          <comments-count type="integer">2</comments-count>
          <extended-body></extended-body>
          <id type="integer">8362691</id>
          <milestone-id type="integer">0</milestone-id>
          <posted-on type="datetime">2007-08-27T18:07:25Z</posted-on>
          <project-id type="integer">1328761</project-id>
          <title>Make $3Million on Facebook</title>
          <use-textile type="boolean">true</use-textile>
          <comments type="array">
            <comment>
              <attachments-count type="integer">0</attachments-count>
              <author-id type="integer">1766150</author-id>
              <body>word to that.</body>
              <commentable-id type="integer">8362691</commentable-id>
              <commentable-type>Post</commentable-type>
              <created-at type="datetime">2007-08-27T18:13:45Z</created-at>
              <emailed-from nil="true"></emailed-from>
              <id type="integer">9724783</id>
            </comment>
            <comment>
              <attachments-count type="integer">0</attachments-count>
              <author-id type="integer">1766079</author-id>
              <body>word to yer ma.</body>
              <commentable-id type="integer">8362691</commentable-id>
              <commentable-type>Post</commentable-type>
              <created-at type="datetime">2007-10-06T10:31:27Z</created-at>
              <emailed-from nil="true"></emailed-from>
              <id type="integer">10770691</id>
            </comment>
          </comments>
        </post>
      </posts>
      <company>
        <id type="integer">711588</id>
        <name>Hawesome Software</name>
      </company>
      <post-categories type="array">
        <post-category>
          <elements-count type="integer">10</elements-count>
          <id type="integer">13038743</id>
          <name>Assets</name>
          <project-id type="integer">1328761</project-id>
          <type>PostCategory</type>
        </post-category>
        <post-category>
          <elements-count type="integer">0</elements-count>
          <id type="integer">13038740</id>
          <name>Code</name>
          <project-id type="integer">1328761</project-id>
          <type>PostCategory</type>
        </post-category>
        <post-category>
          <elements-count type="integer">0</elements-count>
          <id type="integer">13038741</id>
          <name>Copywriting</name>
          <project-id type="integer">1328761</project-id>
          <type>PostCategory</type>
        </post-category>
        <post-category>
          <elements-count type="integer">0</elements-count>
          <id type="integer">13038739</id>
          <name>Design</name>
          <project-id type="integer">1328761</project-id>
          <type>PostCategory</type>
        </post-category>
        <post-category>
          <elements-count type="integer">24</elements-count>
          <id type="integer">14107739</id>
          <name>Links</name>
          <project-id type="integer">1328761</project-id>
          <type>PostCategory</type>
        </post-category>
        <post-category>
          <elements-count type="integer">4</elements-count>
          <id type="integer">13038744</id>
          <name>Miscellaneous</name>
          <project-id type="integer">1328761</project-id>
          <type>PostCategory</type>
        </post-category>
        <post-category>
          <elements-count type="integer">1</elements-count>
          <id type="integer">13038742</id>
          <name>Transcripts</name>
          <project-id type="integer">1328761</project-id>
          <type>PostCategory</type>
        </post-category>
      </post-categories>
      <todo-lists type="array">
        <todo-list>
          <completed-count type="integer">3</completed-count>
          <description>Ideas? </description>
          <id type="integer">2546018</id>
          <milestone-id type="integer" nil="true"></milestone-id>
          <name>Project ideas for Facebook App</name>
          <position type="integer">1</position>
          <project-id type="integer">1328761</project-id>
          <tracked type="boolean">false</tracked>
          <uncompleted-count type="integer">20</uncompleted-count>
          <todo-items type="array">
            <todo-item>
              <completed type="boolean">true</completed>
              <completed-on type="datetime">2007-10-06T09:58:08Z</completed-on>
              <completer-id type="integer">1766079</completer-id>
              <content>digg:
&lt;a href="http://www.facebook.com/apps/application.php?api_key=60bc92590c18b6fbff57d8487cf98430"&gt;http://www.facebook.com/apps/application.php?api_key=60bc92590c18b6fbff57d8487cf98430&lt;/a&gt;</content>
              <created-on type="datetime">2007-09-07T04:33:52Z</created-on>
              <creator-id type="integer">1766079</creator-id>
              <id type="integer">14181151</id>
              <position type="integer">1</position>
              <todo-list-id type="integer">2546018</todo-list-id>
              <comments type="array"/>
            </todo-item>
            <todo-item>
              <completed type="boolean">false</completed>
              <content>Search to see if it's already been done.

&lt;a href="http://www.facebook.com/apps/index.php"&gt;http://www.facebook.com/apps/index.php&lt;/a&gt;</content>
              <created-on type="datetime">2007-09-04T04:30:14Z</created-on>
              <creator-id type="integer">1766079</creator-id>
              <id type="integer">14065540</id>
              <position type="integer">1</position>
              <todo-list-id type="integer">2546018</todo-list-id>
              <comments type="array"/>
            </todo-item>
            <todo-item>
              <completed type="boolean">false</completed>
              <content>1. One-click vacations : Check to see what Travel API(s) are available.</content>
              <created-on type="datetime">2007-08-27T17:58:42Z</created-on>
              <creator-id type="integer">1766079</creator-id>
              <id type="integer">13869349</id>
              <position type="integer">2</position>
              <todo-list-id type="integer">2546018</todo-list-id>
              <comments type="array"/>
            </todo-item>
            <todo-item>
              <completed type="boolean">true</completed>
              <completed-on type="datetime">2007-09-07T04:15:40Z</completed-on>
              <completer-id type="integer">1766079</completer-id>
              <content>10. [Exists] Social Life Widget (links to your other social networking profiles) a.k.a. Social Butterfly App

&lt;a href="http://apps.facebook.com/web-presence/"&gt;http://apps.facebook.com/web-presence&lt;/a&gt;</content>
              <created-on type="datetime">2007-08-29T08:28:32Z</created-on>
              <creator-id type="integer">1766079</creator-id>
              <id type="integer">13926853</id>
              <position type="integer">2</position>
              <todo-list-id type="integer">2546018</todo-list-id>
              <comments type="array"/>
            </todo-item>
            <todo-item>
              <completed type="boolean">false</completed>
              <content>2. Realtor listings
</content>
              <created-on type="datetime">2007-08-27T18:05:22Z</created-on>
              <creator-id type="integer">1766079</creator-id>
              <id type="integer">13869604</id>
              <position type="integer">3</position>
              <todo-list-id type="integer">2546018</todo-list-id>
              <comments type="array"/>
            </todo-item>
            <todo-item>
              <completed type="boolean">true</completed>
              <completed-on type="datetime">2007-09-07T04:12:31Z</completed-on>
              <completer-id type="integer">1766079</completer-id>
              <content>8. [Exists] Chess Master App (and/or other board games)

&lt;a href="http://apps.facebook.com/chessfb"&gt;http://apps.facebook.com/chessfb&lt;/a&gt;[http://www.facebook.com/apps/application.php?id=2427617054&amp;b&amp;ref=pd]</content>
              <created-on type="datetime">2007-08-27T18:57:57Z</created-on>
              <creator-id type="integer">1766079</creator-id>
              <id type="integer">13871494</id>
              <position type="integer">3</position>
              <todo-list-id type="integer">2546018</todo-list-id>
              <comments type="array"/>
            </todo-item>
            <todo-item>
              <completed type="boolean">false</completed>
              <content>3. Swap Junk (Books, CDs, DVDs, and other junk)
&lt;a href="http://www.facebook.com/marketplace"&gt;http://www.facebook.com/marketplace&lt;/a&gt;</content>
              <created-on type="datetime">2007-08-27T18:05:32Z</created-on>
              <creator-id type="integer">1766079</creator-id>
              <id type="integer">13869611</id>
              <position type="integer">4</position>
              <todo-list-id type="integer">2546018</todo-list-id>
              <comments type="array"/>
            </todo-item>
            <todo-item>
              <completed type="boolean">false</completed>
              <content>4. Fishing hole finder
</content>
              <created-on type="datetime">2007-08-27T18:05:37Z</created-on>
              <creator-id type="integer">1766079</creator-id>
              <id type="integer">13869616</id>
              <position type="integer">5</position>
              <todo-list-id type="integer">2546018</todo-list-id>
              <comments type="array"/>
            </todo-item>
            <todo-item>
              <completed type="boolean">false</completed>
              <content>5. Lunch randomizer
</content>
              <created-on type="datetime">2007-08-27T18:05:43Z</created-on>
              <creator-id type="integer">1766079</creator-id>
              <id type="integer">13869630</id>
              <position type="integer">6</position>
              <todo-list-id type="integer">2546018</todo-list-id>
              <comments type="array"/>
            </todo-item>
            <todo-item>
              <completed type="boolean">false</completed>
              <content>6. Brown Bag 'em : You know the friends you're ashamed you know but don't want to put them on your friends list. Could also be the anti-social app.
</content>
              <created-on type="datetime">2007-08-27T18:05:45Z</created-on>
              <creator-id type="integer">1766079</creator-id>
              <id type="integer">13869631</id>
              <position type="integer">7</position>
              <todo-list-id type="integer">2546018</todo-list-id>
              <comments type="array"/>
            </todo-item>
            <todo-item>
              <completed type="boolean">false</completed>
              <content>7. &lt;a href="http://thriftyhipster.com"&gt;http://thriftyhipster.com&lt;/a&gt; like app</content>
              <created-on type="datetime">2007-08-27T18:56:32Z</created-on>
              <creator-id type="integer">1766079</creator-id>
              <id type="integer">13871444</id>
              <position type="integer">8</position>
              <todo-list-id type="integer">2546018</todo-list-id>
              <comments type="array"/>
            </todo-item>
            <todo-item>
              <completed type="boolean">false</completed>
              <content>8. &lt;a href="http://www.howwastheshow.com"&gt;http://www.howwastheshow.com&lt;/a&gt; app</content>
              <created-on type="datetime">2007-08-27T19:35:55Z</created-on>
              <creator-id type="integer">1766079</creator-id>
              <id type="integer">13872939</id>
              <position type="integer">9</position>
              <todo-list-id type="integer">2546018</todo-list-id>
              <comments type="array"/>
            </todo-item>
            <todo-item>
              <completed type="boolean">false</completed>
              <content>9. Quick Hide (Boss button)</content>
              <created-on type="datetime">2007-08-29T08:24:49Z</created-on>
              <creator-id type="integer">1766079</creator-id>
              <id type="integer">13926681</id>
              <position type="integer">10</position>
              <todo-list-id type="integer">2546018</todo-list-id>
              <comments type="array"/>
            </todo-item>
            <todo-item>
              <completed type="boolean">false</completed>
              <content>11. Stalkr app

&lt;a href="http://apps.facebook.com/fbookstalker/"&gt;http://apps.facebook.com/fbookstalker&lt;/a&gt;</content>
              <created-on type="datetime">2007-08-29T08:30:37Z</created-on>
              <creator-id type="integer">1766079</creator-id>
              <id type="integer">13927086</id>
              <position type="integer">11</position>
              <todo-list-id type="integer">2546018</todo-list-id>
              <comments type="array"/>
            </todo-item>
            <todo-item>
              <completed type="boolean">false</completed>
              <content>12. Xmas wishlist organizer? (Amazon API)</content>
              <created-on type="datetime">2007-08-29T11:13:37Z</created-on>
              <creator-id type="integer">1766079</creator-id>
              <id type="integer">13929610</id>
              <position type="integer">12</position>
              <todo-list-id type="integer">2546018</todo-list-id>
              <comments type="array"/>
            </todo-item>
            <todo-item>
              <completed type="boolean">false</completed>
              <content>13. NwaWorldVacations QuickBook module/RSS feed</content>
              <created-on type="datetime">2007-08-29T11:14:40Z</created-on>
              <creator-id type="integer">1766079</creator-id>
              <id type="integer">13929633</id>
              <position type="integer">13</position>
              <todo-list-id type="integer">2546018</todo-list-id>
              <comments type="array"/>
            </todo-item>
            <todo-item>
              <completed type="boolean">false</completed>
              <content>14. Recipes app [Food &amp; Drink] (see: http://www.lavendermagazine.com/) i had to...</content>
              <created-on type="datetime">2007-09-13T18:42:01Z</created-on>
              <creator-id type="integer">1766079</creator-id>
              <id type="integer">14381187</id>
              <position type="integer">14</position>
              <todo-list-id type="integer">2546018</todo-list-id>
              <comments type="array"/>
            </todo-item>
            <todo-item>
              <completed type="boolean">false</completed>
              <content>15. Planet Dan Animated Fridays&lt;br/&gt;
&lt;a href="http://www.blogger.com/profile/01478337564003479640"&gt;http://www.blogger.com/profile/01478337564003479640&lt;/a&gt;</content>
              <created-on type="datetime">2007-09-13T18:42:19Z</created-on>
              <creator-id type="integer">1766079</creator-id>
              <id type="integer">14381194</id>
              <position type="integer">15</position>
              <todo-list-id type="integer">2546018</todo-list-id>
              <comments type="array"/>
            </todo-item>
            <todo-item>
              <completed type="boolean">false</completed>
              <content>16. Wrestle Poke [Stick figure theater like icons]</content>
              <created-on type="datetime">2007-09-13T18:42:36Z</created-on>
              <creator-id type="integer">1766079</creator-id>
              <id type="integer">14381234</id>
              <position type="integer">16</position>
              <todo-list-id type="integer">2546018</todo-list-id>
              <comments type="array"/>
            </todo-item>
            <todo-item>
              <completed type="boolean">false</completed>
              <content>17. STD app [It's going viral.]</content>
              <created-on type="datetime">2007-09-13T18:43:19Z</created-on>
              <creator-id type="integer">1766079</creator-id>
              <id type="integer">14381274</id>
              <position type="integer">17</position>
              <todo-list-id type="integer">2546018</todo-list-id>
              <comments type="array"/>
            </todo-item>
            <todo-item>
              <completed type="boolean">false</completed>
              <content>18. Sum me up in one word. [was just doing some brainstorming while waiting for f'ing jbuilder to build my project. how about a "describe me in one word" app? only your friends can do it. they go to your profile, you app box says "describe Jason in one word: " &lt;-- input box here. then after you do it, you can see how all of Jason's other friends described him. i think it would go over well with the younger crowds and it doesn't involve STDs (although i can't wait to get to writing that one...). input?]</content>
              <created-on type="datetime">2007-09-13T19:54:45Z</created-on>
              <creator-id type="integer">1766079</creator-id>
              <id type="integer">14384189</id>
              <position type="integer">18</position>
              <todo-list-id type="integer">2546018</todo-list-id>
              <comments type="array"/>
            </todo-item>
            <todo-item>
              <completed type="boolean">false</completed>
              <content>19: My new schwag: An app that allows you to simply display stuff you&#8217;ve bought recently.

Example:
William Watson just bought a cute new skirt from Sears. Now he wants his friends to see that he got it and be jealous so he posts it in his &#8220;I just bought this&#8221; Facebook widget and all his friends see it on their home page when they log in the next day and are jealous of his wicked new skirt.

Just sayin.

a.k.a. look at me, look at me facebook widget</content>
              <created-on type="datetime">2007-10-06T09:43:16Z</created-on>
              <creator-id type="integer">1766079</creator-id>
              <id type="integer">15062716</id>
              <position type="integer">19</position>
              <todo-list-id type="integer">2546018</todo-list-id>
              <comments type="array"/>
            </todo-item>
            <todo-item>
              <completed type="boolean">false</completed>
              <content>20. Geneology App (Find family members)</content>
              <created-on type="datetime">2007-10-06T12:24:27Z</created-on>
              <creator-id type="integer">1766079</creator-id>
              <id type="integer">15063377</id>
              <position type="integer">20</position>
              <todo-list-id type="integer">2546018</todo-list-id>
              <comments type="array"/>
            </todo-item>
          </todo-items>
          <complete>false</complete>
        </todo-list>
        <todo-list>
          <completed-count type="integer">8</completed-count>
          <description>version 1.0</description>
          <id type="integer">2566464</id>
          <milestone-id type="integer">0</milestone-id>
          <name>FlickrStatus [Orig App todo list]</name>
          <position type="integer">2</position>
          <project-id type="integer">1328761</project-id>
          <tracked type="boolean">false</tracked>
          <uncompleted-count type="integer">5</uncompleted-count>
          <todo-items type="array">
            <todo-item>
              <completed type="boolean">false</completed>
              <content>Remove 'is' from the beginning of status. Strip any punctuation from the status. Strip off words like [is, be, are].</content>
              <created-on type="datetime">2007-11-30T18:09:06Z</created-on>
              <creator-id type="integer">1766079</creator-id>
              <id type="integer">16713220</id>
              <position type="integer">1</position>
              <todo-list-id type="integer">2566464</todo-list-id>
              <comments type="array"/>
            </todo-item>
            <todo-item>
              <completed type="boolean">true</completed>
              <completed-on type="datetime">2007-12-14T17:33:21Z</completed-on>
              <completer-id type="integer">1766079</completer-id>
              <content>Sort by interesting-ness?
&lt;a href="http://www.flickr.com/services/api/flickr.photos.search.html"&gt;http://www.flickr.com/services/api/flickr.photos.search.html&lt;/a&gt;&lt;br/&gt;
tags (Optional)
    A comma-delimited list of tags. Photos with one or more of the tags listed will be returned.
tag_mode (Optional)
    Either 'any' for an OR combination of tags, or 'all' for an AND combination. Defaults to 'any' if not specified.
text (Optional)
    A free text search. Photos who's title, description or tags contain the text will be returned.</content>
              <created-on type="datetime">2007-11-30T18:18:26Z</created-on>
              <creator-id type="integer">1766079</creator-id>
              <id type="integer">16713639</id>
              <position type="integer">1</position>
              <todo-list-id type="integer">2566464</todo-list-id>
              <comments type="array"/>
            </todo-item>
            <todo-item>
              <completed type="boolean">false</completed>
              <content>Fix Facebook caching on profile page...research required.</content>
              <created-on type="datetime">2007-11-09T20:27:47Z</created-on>
              <creator-id type="integer">1766079</creator-id>
              <id type="integer">16121791</id>
              <position type="integer">2</position>
              <todo-list-id type="integer">2566464</todo-list-id>
              <comments type="array"/>
            </todo-item>
            <todo-item>
              <completed type="boolean">true</completed>
              <completed-on type="datetime">2007-12-07T17:50:48Z</completed-on>
              <completer-id type="integer">1766161</completer-id>
              <content>Setup cron job to wake up the app ever 5min. So there is no timeout from the Dreamhost server when a new call comes in.</content>
              <created-on type="datetime">2007-12-07T16:45:27Z</created-on>
              <creator-id type="integer">1766079</creator-id>
              <id type="integer">16916673</id>
              <position type="integer">2</position>
              <todo-list-id type="integer">2566464</todo-list-id>
              <comments type="array"/>
            </todo-item>
            <todo-item>
              <completed type="boolean">false</completed>
              <content>Rename project from http://fbapps.dabootski.com/flickrtest to http://fb.dabootski.com/flickrstatus</content>
              <created-on type="datetime">2007-12-07T16:49:44Z</created-on>
              <creator-id type="integer">1766079</creator-id>
              <id type="integer">16916873</id>
              <position type="integer">3</position>
              <todo-list-id type="integer">2566464</todo-list-id>
              <comments type="array"/>
            </todo-item>
            <todo-item>
              <completed type="boolean">true</completed>
              <completed-on type="datetime">2007-11-30T18:01:56Z</completed-on>
              <completer-id type="integer">1766079</completer-id>
              <content>Add a direct link back to photo on Flickr or profile of Flickr user?</content>
              <created-on type="datetime">2007-11-04T03:31:32Z</created-on>
              <creator-id type="integer">1766079</creator-id>
              <id type="integer">15927786</id>
              <position type="integer">3</position>
              <todo-list-id type="integer">2566464</todo-list-id>
              <comments type="array"/>
            </todo-item>
            <todo-item>
              <completed type="boolean">true</completed>
              <completed-on type="datetime">2007-11-02T20:03:32Z</completed-on>
              <completer-id type="integer">1766079</completer-id>
              <content>Create a Hawe$omeSoft user. Add developer application. Then attach final version of Flicker$tatus to this user.</content>
              <created-on type="datetime">2007-10-06T11:00:52Z</created-on>
              <creator-id type="integer">1766079</creator-id>
              <id type="integer">15063080</id>
              <position type="integer">4</position>
              <todo-list-id type="integer">2566464</todo-list-id>
              <comments type="array"/>
            </todo-item>
            <todo-item>
              <completed type="boolean">false</completed>
              <content>Create about page. Other pages? [Configuration Survey page for next feature?]&lt;br/&gt;
1. Steal from here: &lt;a href="http://apps.facebook.com/flixster/help"&gt;http://apps.facebook.com/flixster/help&lt;/a&gt; &lt;br/&gt;
2. Or here: &lt;a href="http://apps.facebook.com/superwall/developers.php"&gt;http://apps.facebook.com/superwall/developers.php&lt;/a&gt;&lt;br/&gt;
---
FickrStatus About App page [Facebook generated] http://www.facebook.com/apps/application.php?api_key=9c83447e70d77740e7fbec3af3f7e0be
</content>
              <created-on type="datetime">2007-10-06T09:56:05Z</created-on>
              <creator-id type="integer">1766079</creator-id>
              <id type="integer">15062745</id>
              <position type="integer">4</position>
              <todo-list-id type="integer">2566464</todo-list-id>
              <comments type="array"/>
            </todo-item>
            <todo-item>
              <completed type="boolean">true</completed>
              <completed-on type="datetime">2007-11-02T20:03:21Z</completed-on>
              <completer-id type="integer">1766079</completer-id>
              <content>Attach Flickr$tatus icon to facebook app.</content>
              <created-on type="datetime">2007-10-15T14:59:00Z</created-on>
              <creator-id type="integer">1766079</creator-id>
              <id type="integer">15302045</id>
              <position type="integer">5</position>
              <todo-list-id type="integer">2566464</todo-list-id>
              <comments type="array"/>
            </todo-item>
            <todo-item>
              <completed type="boolean">false</completed>
              <content>Add FlickrStatus to Facebook Directory to promote the app.</content>
              <created-on type="datetime">2007-11-09T20:27:13Z</created-on>
              <creator-id type="integer">1766079</creator-id>
              <id type="integer">16121777</id>
              <position type="integer">5</position>
              <todo-list-id type="integer">2566464</todo-list-id>
              <comments type="array"/>
            </todo-item>
            <todo-item>
              <completed type="boolean">true</completed>
              <completed-on type="datetime">2007-10-06T09:35:05Z</completed-on>
              <completer-id type="integer">1766079</completer-id>
              <content>Create Flickr Status logo/icon.

F$ ???</content>
              <created-on type="datetime">2007-08-31T10:08:09Z</created-on>
              <creator-id type="integer">1766079</creator-id>
              <id type="integer">14002542</id>
              <position type="integer">6</position>
              <todo-list-id type="integer">2566464</todo-list-id>
              <comments type="array"/>
            </todo-item>
            <todo-item>
              <completed type="boolean">true</completed>
              <completed-on type="datetime">2007-08-31T03:49:33Z</completed-on>
              <completer-id type="integer">1766150</completer-id>
              <content>2. Set up Subversion repository</content>
              <created-on type="datetime">2007-08-30T21:36:34Z</created-on>
              <creator-id type="integer">1766079</creator-id>
              <id type="integer">13991570</id>
              <position type="integer">7</position>
              <responsible-party-id type="integer">1766150</responsible-party-id>
              <responsible-party-type>Person</responsible-party-type>
              <todo-list-id type="integer">2566464</todo-list-id>
              <comments type="array"/>
            </todo-item>
            <todo-item>
              <completed type="boolean">true</completed>
              <completed-on type="datetime">2007-08-31T03:44:07Z</completed-on>
              <completer-id type="integer">1766150</completer-id>
              <content>1. How do we connect, d@mn it!</content>
              <created-on type="datetime">2007-08-30T19:44:37Z</created-on>
              <creator-id type="integer">1766079</creator-id>
              <id type="integer">13987055</id>
              <position type="integer">8</position>
              <todo-list-id type="integer">2566464</todo-list-id>
              <comments type="array"/>
            </todo-item>
          </todo-items>
          <complete>false</complete>
        </todo-list>
        <todo-list>
          <completed-count type="integer">6</completed-count>
          <description>Come up with widget company name.</description>
          <id type="integer">2569149</id>
          <milestone-id type="integer" nil="true"></milestone-id>
          <name>Come up with widget company name</name>
          <position type="integer">3</position>
          <project-id type="integer">1328761</project-id>
          <tracked type="boolean">false</tracked>
          <uncompleted-count type="integer">0</uncompleted-count>
          <todo-items type="array">
            <todo-item>
              <completed type="boolean">true</completed>
              <completed-on type="datetime">2007-10-15T14:54:49Z</completed-on>
              <completer-id type="integer">1766079</completer-id>
              <content>HawfulWare</content>
              <created-on type="datetime">2007-10-15T14:51:42Z</created-on>
              <creator-id type="integer">1766079</creator-id>
              <id type="integer">15301672</id>
              <position type="integer">1</position>
              <todo-list-id type="integer">2569149</todo-list-id>
              <comments type="array"/>
            </todo-item>
            <todo-item>
              <completed type="boolean">true</completed>
              <completed-on type="datetime">2007-10-15T14:51:11Z</completed-on>
              <completer-id type="integer">1766079</completer-id>
              <content>Hawesome Labs</content>
              <created-on type="datetime">2007-10-15T14:51:09Z</created-on>
              <creator-id type="integer">1766079</creator-id>
              <id type="integer">15301645</id>
              <position type="integer">2</position>
              <todo-list-id type="integer">2569149</todo-list-id>
              <comments type="array"/>
            </todo-item>
            <todo-item>
              <completed type="boolean">true</completed>
              <completed-on type="datetime">2007-10-06T09:34:56Z</completed-on>
              <completer-id type="integer">1766079</completer-id>
              <content>Hawe$ome $oft</content>
              <created-on type="datetime">2007-09-13T16:31:35Z</created-on>
              <creator-id type="integer">1766079</creator-id>
              <id type="integer">14375681</id>
              <position type="integer">3</position>
              <todo-list-id type="integer">2569149</todo-list-id>
              <comments type="array"/>
            </todo-item>
            <todo-item>
              <completed type="boolean">true</completed>
              <completed-on type="datetime">2007-09-13T18:41:14Z</completed-on>
              <completer-id type="integer">1766079</completer-id>
              <content>Witless Worm Widgets (WWW)?</content>
              <created-on type="datetime">2007-08-31T11:07:56Z</created-on>
              <creator-id type="integer">1766079</creator-id>
              <id type="integer">14003178</id>
              <position type="integer">4</position>
              <todo-list-id type="integer">2569149</todo-list-id>
              <comments type="array"/>
            </todo-item>
            <todo-item>
              <completed type="boolean">true</completed>
              <completed-on type="datetime">2007-09-13T18:41:13Z</completed-on>
              <completer-id type="integer">1766079</completer-id>
              <content>JWidgets</content>
              <created-on type="datetime">2007-08-31T11:12:09Z</created-on>
              <creator-id type="integer">1766079</creator-id>
              <id type="integer">14003231</id>
              <position type="integer">5</position>
              <todo-list-id type="integer">2569149</todo-list-id>
              <comments type="array"/>
            </todo-item>
            <todo-item>
              <completed type="boolean">true</completed>
              <completed-on type="datetime">2007-09-13T18:41:12Z</completed-on>
              <completer-id type="integer">1766079</completer-id>
              <content>Evil Apps</content>
              <created-on type="datetime">2007-09-13T16:31:20Z</created-on>
              <creator-id type="integer">1766079</creator-id>
              <id type="integer">14375668</id>
              <position type="integer">6</position>
              <todo-list-id type="integer">2569149</todo-list-id>
              <comments type="array"/>
            </todo-item>
          </todo-items>
          <complete>true</complete>
        </todo-list>
        <todo-list>
          <completed-count type="integer">4</completed-count>
          <description>This is my to-do list for getting everything ready for you guys to be able to check out a working version of the project and be able to run your own builds and whatnot...</description>
          <id type="integer">2634446</id>
          <milestone-id type="integer">4091511</milestone-id>
          <name>FlickrStatus: Prepare project for group consumption</name>
          <position type="integer">3</position>
          <project-id type="integer">1328761</project-id>
          <tracked type="boolean">false</tracked>
          <uncompleted-count type="integer">0</uncompleted-count>
          <todo-items type="array">
            <todo-item>
              <completed type="boolean">true</completed>
              <completed-on type="datetime">2007-11-02T20:04:20Z</completed-on>
              <completer-id type="integer">1766079</completer-id>
              <content>create a simple walkthrough document for rest of group to be able to get everything up and running (we will use this document as a guide for creating other apps if we decide to go the PHP/Ruby route)</content>
              <created-on type="datetime">2007-09-14T05:00:43Z</created-on>
              <creator-id type="integer">1766150</creator-id>
              <id type="integer">14395377</id>
              <position type="integer">1</position>
              <responsible-party-id type="integer">1766150</responsible-party-id>
              <responsible-party-type>Person</responsible-party-type>
              <todo-list-id type="integer">2634446</todo-list-id>
              <comments type="array"/>
            </todo-item>
            <todo-item>
              <completed type="boolean">true</completed>
              <completed-on type="datetime">2007-10-06T09:34:10Z</completed-on>
              <completer-id type="integer">1766079</completer-id>
              <content>Eric can you create a separate project specifically for the "flickrstatus" app so it's to-dos and whatever else aren't mixed in with this project?</content>
              <created-on type="datetime">2007-09-14T05:15:32Z</created-on>
              <creator-id type="integer">1766150</creator-id>
              <id type="integer">14395460</id>
              <position type="integer">2</position>
              <responsible-party-id type="integer">1766079</responsible-party-id>
              <responsible-party-type>Person</responsible-party-type>
              <todo-list-id type="integer">2634446</todo-list-id>
              <comments type="array"/>
            </todo-item>
            <todo-item>
              <completed type="boolean">true</completed>
              <completed-on type="datetime">2007-09-14T05:02:31Z</completed-on>
              <completer-id type="integer">1766150</completer-id>
              <content>create a capistrano build/deployment script and add to project</content>
              <created-on type="datetime">2007-09-14T04:58:26Z</created-on>
              <creator-id type="integer">1766150</creator-id>
              <id type="integer">14395357</id>
              <position type="integer">3</position>
              <responsible-party-id type="integer">1766150</responsible-party-id>
              <responsible-party-type>Person</responsible-party-type>
              <todo-list-id type="integer">2634446</todo-list-id>
              <comments type="array"/>
            </todo-item>
            <todo-item>
              <completed type="boolean">true</completed>
              <completed-on type="datetime">2007-09-14T05:02:27Z</completed-on>
              <completer-id type="integer">1766150</completer-id>
              <content>commit working version of source code to repository</content>
              <created-on type="datetime">2007-09-14T04:57:47Z</created-on>
              <creator-id type="integer">1766150</creator-id>
              <id type="integer">14395352</id>
              <position type="integer">4</position>
              <responsible-party-id type="integer">1766150</responsible-party-id>
              <responsible-party-type>Person</responsible-party-type>
              <todo-list-id type="integer">2634446</todo-list-id>
              <comments type="array"/>
            </todo-item>
          </todo-items>
          <complete>true</complete>
        </todo-list>
        <todo-list>
          <completed-count type="integer">0</completed-count>
          <description>version 2.0</description>
          <id type="integer">2924003</id>
          <milestone-id type="integer">0</milestone-id>
          <name>FlickrStatus</name>
          <position type="integer">3</position>
          <project-id type="integer">1328761</project-id>
          <tracked type="boolean">false</tracked>
          <uncompleted-count type="integer">5</uncompleted-count>
          <todo-items type="array">
            <todo-item>
              <completed type="boolean">false</completed>
              <content>HawesomeSoft Flickr account. [Note on index.jsp: Should we set up a HawesomeSoft Flickr account.]
- add images with haswesome tags as default images for moods and other hawesome stuff.
- user: hawesomesoft - pass: javadev99</content>
              <created-on type="datetime">2007-11-09T20:48:36Z</created-on>
              <creator-id type="integer">1766079</creator-id>
              <id type="integer">16122453</id>
              <position type="integer">1</position>
              <todo-list-id type="integer">2924003</todo-list-id>
              <comments type="array"/>
            </todo-item>
            <todo-item>
              <completed type="boolean">false</completed>
              <content>What to do with default states/empty status? Pull an image from the HawesomeSoft Flickr account? </content>
              <created-on type="datetime">2007-10-15T14:56:16Z</created-on>
              <creator-id type="integer">1766079</creator-id>
              <id type="integer">15301877</id>
              <position type="integer">2</position>
              <todo-list-id type="integer">2924003</todo-list-id>
              <comments type="array"/>
            </todo-item>
            <todo-item>
              <completed type="boolean">false</completed>
              <content>MySQL DB table (Save user's Flicker ID or Username) and their facebook profile ID.</content>
              <created-on type="datetime">2007-11-09T20:46:57Z</created-on>
              <creator-id type="integer">1766079</creator-id>
              <id type="integer">16122391</id>
              <position type="integer">3</position>
              <todo-list-id type="integer">2924003</todo-list-id>
              <comments type="array"/>
            </todo-item>
            <todo-item>
              <completed type="boolean">false</completed>
              <content>Search Flickr usersame first?</content>
              <created-on type="datetime">2007-11-09T20:48:00Z</created-on>
              <creator-id type="integer">1766079</creator-id>
              <id type="integer">16122436</id>
              <position type="integer">4</position>
              <todo-list-id type="integer">2924003</todo-list-id>
              <comments type="array"/>
            </todo-item>
            <todo-item>
              <completed type="boolean">false</completed>
              <content>Research word/verb lookup web service. [note: on index.php: Check for service to check if word is a verb.]</content>
              <created-on type="datetime">2007-11-09T20:47:31Z</created-on>
              <creator-id type="integer">1766079</creator-id>
              <id type="integer">16122418</id>
              <position type="integer">5</position>
              <todo-list-id type="integer">2924003</todo-list-id>
              <comments type="array"/>
            </todo-item>
          </todo-items>
          <complete>false</complete>
        </todo-list>
        <todo-list>
          <completed-count type="integer">2</completed-count>
          <description>Step-by-step Guide to Creating an Application
http://developers.facebook.com/step_by_step.php</description>
          <id type="integer">2546760</id>
          <milestone-id type="integer">0</milestone-id>
          <name>Read the following for week 1: Step-by-step Guide to Creating an Application</name>
          <position type="integer">5</position>
          <project-id type="integer">1328761</project-id>
          <tracked type="boolean">false</tracked>
          <uncompleted-count type="integer">0</uncompleted-count>
          <todo-items type="array">
            <todo-item>
              <completed type="boolean">true</completed>
              <completed-on type="datetime">2007-10-06T09:56:48Z</completed-on>
              <completer-id type="integer">1766079</completer-id>
              <content>Read: &lt;a href="http://developers.facebook.com/step_by_step.php"&gt;http://developers.facebook.com/step_by_step.php&lt;/a&gt;</content>
              <created-on type="datetime">2007-08-28T03:35:15Z</created-on>
              <creator-id type="integer">1766079</creator-id>
              <id type="integer">13885394</id>
              <position type="integer">1</position>
              <todo-list-id type="integer">2546760</todo-list-id>
              <comments type="array"/>
            </todo-item>
            <todo-item>
              <completed type="boolean">true</completed>
              <completed-on type="datetime">2007-10-06T09:56:47Z</completed-on>
              <completer-id type="integer">1766079</completer-id>
              <content>Try: &lt;a href="http://www.techcrunch.com/2007/08/26/dapper-to-launch-instant-facebook-appmaker"&gt;http://www.techcrunch.com/2007/08/26/dapper-to-launch-instant-facebook-appmaker&lt;/a&gt;</content>
              <created-on type="datetime">2007-08-28T03:36:25Z</created-on>
              <creator-id type="integer">1766079</creator-id>
              <id type="integer">13885409</id>
              <position type="integer">2</position>
              <todo-list-id type="integer">2546760</todo-list-id>
              <comments type="array"/>
            </todo-item>
          </todo-items>
          <complete>true</complete>
        </todo-list>
      </todo-lists>
      <attachment-categories type="array">
        <attachment-category>
          <elements-count type="integer">0</elements-count>
          <id type="integer">13038745</id>
          <name>Documents</name>
          <project-id type="integer">1328761</project-id>
          <type>AttachmentCategory</type>
        </attachment-category>
        <attachment-category>
          <elements-count type="integer">0</elements-count>
          <id type="integer">13038746</id>
          <name>Pictures</name>
          <project-id type="integer">1328761</project-id>
          <type>AttachmentCategory</type>
        </attachment-category>
        <attachment-category>
          <elements-count type="integer">0</elements-count>
          <id type="integer">13038747</id>
          <name>Sounds</name>
          <project-id type="integer">1328761</project-id>
          <type>AttachmentCategory</type>
        </attachment-category>
      </attachment-categories>
      <milestones type="array">
        <milestone>
          <completed type="boolean">true</completed>
          <completed-on type="datetime">2009-02-03T22:41:03Z</completed-on>
          <completer-id type="integer">1766079</completer-id>
          <created-on type="datetime">2007-09-14T05:04:26Z</created-on>
          <creator-id type="integer">1766150</creator-id>
          <deadline type="date">2007-09-16</deadline>
          <id type="integer">4091511</id>
          <project-id type="integer">1328761</project-id>
          <responsible-party-id type="integer">711588</responsible-party-id>
          <responsible-party-type>Company</responsible-party-type>
          <title>Get everybody up and running with a working copy of the project</title>
          <wants-notification type="boolean">true</wants-notification>
          <comments type="array"/>
        </milestone>
        <milestone>
          <completed type="boolean">true</completed>
          <completed-on type="datetime">2007-11-03T14:57:50Z</completed-on>
          <completer-id type="integer">1766150</completer-id>
          <created-on type="datetime">2007-09-14T05:06:23Z</created-on>
          <creator-id type="integer">1766150</creator-id>
          <deadline type="date">2007-09-23</deadline>
          <id type="integer">4091512</id>
          <project-id type="integer">1328761</project-id>
          <responsible-party-id type="integer">711588</responsible-party-id>
          <responsible-party-type>Company</responsible-party-type>
          <title>Complete "flickrstatus" V1</title>
          <wants-notification type="boolean">true</wants-notification>
          <comments type="array"/>
        </milestone>
      </milestones>
      <participants>
        <person type="integer">1766079</person>
        <person type="integer">1766150</person>
        <person type="integer">1766154</person>
        <person type="integer">1766161</person>
        <person type="integer">1823213</person>
      </participants>
    </project>
  </projects>
</account>
